{
    "title": "人工智能微服务平台操作手册",
    "description": "人工智能微服务平台操作手册",
    "author": "leic",
    "language": "zh-hans",
    "root": ".",
    "plugins": ["yahei", "autotheme", "search-plus", "prism", "splitter",
        "tbfed-pagefooter", "expandable-chapters-small","book-summary-scroll-position-saver",
        "anchors", "anchor-navigation-ex","copy-code-button", "multipart","popup","-sharing"
    ],
    "pluginsConfig": {
        "theme-default": {
            "showLevel": true
        },
        "fontSettings": {
            "family": "serif",
            "size": 2
        },
		"prism": {
			"css": [
			 "prismjs/themes/prism-tomorrow.css"
			]
		},		
        "autotheme": {
            "white": [9, 10, 11, 12, 13, 14, 15, 16, 17],
            "sepia": [6, 7, 8, 18, 19],
            "night": [20, 21, 22, 23, 0, 1, 2, 3, 4, 5]
        },
        "tbfed-pagefooter": {
            "modify_label": "修订时间：",
            "modify_format": "YYYY-MM-DD HH:mm:ss"
        },
        "anchor-navigation-ex": {
            "showLevel": true,
            "associatedWithSummary": false,
            "printLog": false,
            "multipleH1": true,
            "mode": "float",
            "showGoTop": true,
            "float": {
                "floatIcon": "fa fa-navicon",
                "showLevelIcon": false,
                "level1Icon": "fa fa-hand-o-right",
                "level2Icon": "fa fa-hand-o-right",
                "level3Icon": "fa fa-hand-o-right"
            },
            "pageTop": {
                "showLevelIcon": false,
                "level1Icon": "fa fa-hand-o-right",
                "level2Icon": "fa fa-hand-o-right",
                "level3Icon": "fa fa-hand-o-right"
            }
        }
    },
	"styles": {
        "website": "style/index.css"
    }
}