{"./":{"url":"./","title":"Home界面简介","keywords":"","body":"Introduction powered by Gitbook修订时间： 2022-12-08 11:54:26 "},"管道管理/管道管理.html":{"url":"管道管理/管道管理.html","title":"管道管理","keywords":"","body":"管道 基本信息:    管道名称：管道名字可以重复，查询时无法使用唯一标识，但不建议设定重复管道的名字    管道作用范围：管道作用范围“个人”，那么此管道只可当前登录的用户使用。其它用户无法获取管道数据。若管道作用范围“全局”那么此管道再系统中允许所有用户引用管道数据，其它用户引用“管道数据”无法编辑、不可删除、管理员除外。 使用示例: 阶段设置:    阶段名称：阶段的名字，同管道一样允许重复阶段名称。    阶段是管段是管道二级元素，一个阶段通常是具有一些列相似性的插件任务的集合，如“数据过滤”阶段，他可以有“dicom文件过滤”、“默认模型调用”两个任务。一条管道可以有多个阶段组成，执行管道时按照顺序串行执行。阶段下有以下基本配置。 使用示例: 任务设置:    任务名称：任务名字可以重复，同一阶段内允许重复。    任务是管道三级元素，属于阶段的子元素，是最小的单元。在阶段可以定义任务按照串行或并行两种顺序执行，任务默认全部是自动执行，不支持手动执行。一个任务对应一个插件，任务是插件执行的容器。基于此管道的整体为：一个管道对应多个阶段，一个阶段对应多个任务，一个任务对应一个插件。 使用示例:    您可以在可视化编辑界面中定义并引用 powered by Gitbook修订时间： 2022-12-08 13:25:17 "},"管道管理/删除管道.html":{"url":"管道管理/删除管道.html","title":"删除管道","keywords":"","body":"删除管道 使用场景    用户通过管道管理列表选择一个运行失败或未启动状态管道数据，单击【删除】按钮，系统会提示是否确认要删除管道数据，确认删除管道数据。 业务说明  用户无法删除运行中或启动中状态管道数据。  用户存在操作权限，无法删除非当前用户创建“全局”管道，删除非当前用户“全局”管道数据时系统基于提示，管理员用户除外。 可视化界面 powered by Gitbook修订时间： 2022-12-08 13:17:59 "},"管道管理/编辑管道.html":{"url":"管道管理/编辑管道.html","title":"编辑管道","keywords":"","body":"编辑管道 使用场景    通过管道管理模块、选择列表某一条运行失败或未运行数据，单击“编辑”按钮管道详细页显示任务插件内容并允许修改，用户修改数据后通过“保存”按钮更新数据。 业务说明  编辑管道数据时管道状态非“未启动或启动失败”状态，则允许编辑数据，管道其余运行状态禁止编辑。  编辑管道数据时选择非当前用户创建“全局”管道，禁止用户编辑管道数据，编辑“全局”管道数据时系统基于提示。  管道任务插件配置，用户配置“任务插件”若缺失必填项标识将无法保存配置管道插件。  管道任务插件配置冲突，当用户使用插件为“FTP数据入口”输出为“HTTP数据出口”必填项标识填写无误时管道数据允许保留，但是无法运行所配置管道。 可视化配置界面 powered by Gitbook修订时间： 2022-12-08 12:54:30 "},"管道管理/查询管道.html":{"url":"管道管理/查询管道.html","title":"查询管道","keywords":"","body":"查询管道 使用场景    用户通过管道管理查询某条管道数据通过查询输入栏，用户在查询输入栏输入查询条件，以查询自己需要的管道名称。 业务说明  用户查询某些条件信息输入框为空时，则表明查询信息不受此方面条件的限制，“管道名称”输入框为空，表明查询所有管道数据。  用户查询管道数据时允许通过管道运行状态或管道名称查询数据，支持精确、模糊查询，当查询数据为空时页面提示“暂无数据”。 可视化界面 powered by Gitbook修订时间： 2022-12-08 13:18:05 "},"管道管理/运行详细.html":{"url":"管道管理/运行详细.html","title":"运行详细","keywords":"","body":"运行详细 使用场景    通过管道管理模块、选择列表某一条运行失败或运行中状态的管道数据，单击【运行详情】按钮，管道详细页显示所有插件信息并展示插件运行日志。 业务说明  通过管道运行详细可看插件任务实时运行详细，允许暂停管道，并且允许再管道入口列表中复制入口地址。  管道运行详细中允许切换查看插件运行信息，可通过插件日志实时查看运行信息，若运行失败时可以快速定位错误信息。 可视化配置界面 powered by Gitbook修订时间： 2022-12-08 13:36:07 "},"管道管理/插件介绍.html":{"url":"管道管理/插件介绍.html","title":"插件介绍","keywords":"","body":"插件 PACS系统数据入口    Pacs数据入口插件针对系统模型解析提供了PACS系统数据入口插件，这个插件接受Pacs系统分析请求，根据请求数据中的文件地址从FastDFS下载dicom文件，同时也会记录批次信息。管道未配置入口插件将无法保存。 字段说明  任务名称：任务名称用户自行输入 可视化配置界面 SFTP数据入口    SFTP数据入口系统中针对管道提供了SFTP数据入口，这个插件能够监控指定主机目录，能够对目录输入文件按照根目录进行分批，并再指定的时间间隔内分析批次，再这指定的时间内未加入新的批次，则会将批次信息提交。 字段说明  目录主机：指定模型部署的主机，通过主机管理模块维护的服务主机。  监控目录：允许用户自行输入通过路径监控目录处理。例如：/usr/input/server/File  数据分批方式：任务默认为需要目录分批。    目录名称：目录处理方式能目录输入文件按照根目录进行分批。    不分批：传输数据单个文件为一个批次持续传输。  扫描的时间间隔：通过设置时间间隔目录扫描入口在设定的时间内不会提交新的批次信息。例如：扫描时间间隔1~100秒。  接受的文件类型：用户自行输入数组，任务插件根据文件格式过滤数据。 可视化配置界面 HTTP数据入口    HTTP数据入口系统对管道提供了HTTP数据入口，这个插件入口采用POST方式，批次标识使用batchid字段传递文件时使用Files字段，支持同时传递多个文件总文件大小1G。 字段说明  batchid：数据传输批次唯一标识。  延迟时间：默认延迟时间5秒，若填写延迟时间在指定时间内，没有加入新的批次数据，则提交这个批次信息，每次加入新的数据会重置延迟时间。  接受的文件类型：用户自行输入数组，任务插件根据文件格式过滤数据。 可视化配置界面 FTP数据入口    FTP数据入口系统对管道提供了FTP数据入口，FTP文件传输协议，由于FTP传输效率非常高，在网络上传输大的文件时，一般也采用该协议。目前系统中针对管道提供了FTP入口，使用插件定期从FTP的指定目录拉取文件。 字段说明  匿名登录：用户尚未登录系统,系统会为所有未登录的用户分配一个匿名用户,这个用户也拥有自己的权限,不过他是不能访问任何被保护资源。  目录扫描的时间间隔：默认延迟时间5秒，若填写延迟时间在指定时间内，没有加入新的批次数据，则提交这个批次信息，每次加入新的数据会重置延迟时间。  监控目录：允许用户自行输入通过路径监控目录处理。例如：/usr/input/server/File  数据分批方式：任务默认为需要目录分批。    目录名称：目录处理方式能目录输入文件按照根目录进行分批。    不分批：传输数据单个文件为一个批次持续传输。  扫描的文件类型：用户自行输入数组，任务插件根据文件输入格式的过滤数据。 可视化配置界面 dicom数据过滤    数据过滤对管道提供了数据任务解析，这个插件接受dicom文件非dicom文件过滤，若数据过滤插件提供了成像设备类型、使用插件时将会根据配置条件过滤文件帧数。 字段说明  成像设备类型：根据医学影像诊断设备成像过滤dicom文件类型，通过下拉框选择过滤成像类型支持多选、允许清空所选数据。  帧数：过滤Dcm文件文件格式单帧、多帧。    单帧：通过一幅图的像素信息插入dicom中的tage。    多帧：通过把多幅图片一起插入到tage。 可视化配置界面 默认模型调用    默认模型调用管道提供了处理，这个插件中使用gunicorn将模型包装为HTTP服务，部署到指定运行docker容器中。以下为该插件的配置说明及模型接入说明。 字段说明  模型：指定当前插件任务需要部署及调用的模型  模型部署主机：指定模型部署的主机，部署主机通过主机管理模块维护主机数据。  容器名称：指定模型在主机的指定容器中部署运行，容器需要与宿主机建立映射目录，用于传递模型分析需要的数据。  模型并发数：控制模型能够同时处理的请求数。一般采用默认值1即可。  模型处理最大等待的请求数：控制等待处理的最大请求数，超过设置的阈值的请求，会被直接丢弃。  模型处理方式：模型处理请求的方式同步、异步。    同步：请求会被阻塞，直到请求处理完成。    异步：模型接受到请求，立刻返回。模型在请求处理完成需要回调平台。  数据是否分层：默认为需要分层。将传递给模型的文件列表，按照目录进行分层。 可视化配置界面 HTTP数据出口    HTTP数据出口为管道提供了数据输出地址，这个插件需填写输出地址、地址限制需提供合法的http地址。 字段说明  输出地址：输出地址必须提供合法的HTTP地址用于接收输出。 可视化配置界面 SFTP数据出口    SFTP数据出口为管道提供了数据输出地址，这个插件需要批次id来区分不同的输出结果，将接收到的结果，输出到指定主机的指定目录下。 字段说明  目标主机：指定模型部署的主机，通过主机管理模块维护的服务主机。  输出目录：允许用户自行输入通过路径目录接收传输文件。例如：/usr/input/server/File 可视化配置界面 FTP数据出口    FTP数据出口为管道提供了数据输出地址，使用插件时通过FTP插件将结果能够输出到FTP服务器的指定目录下。 字段说明  主机地址：输入接收文件服务主机。  匿名登录：用户尚未登录系统,系统会为所有未登录的用户分配一个匿名用户,这个用户也拥有自己的权限,不过他是不能访问任何被保护资源。  输出目录：允许用户自行输入通过路径目录接收传输文件。例如：/server/File 可视化配置界面 powered by Gitbook修订时间： 2022-12-08 12:03:39 "}}